1,lua,lua,LUA002
2,lua,lua,LUA003
3,lua,lua,LUA004
4,poppler,pdf_fuzzer,PDF001
5,poppler,pdftoppm,PDF001
6,poppler,pdfimages,PDF003
7,poppler,pdf_fuzzer,PDF004
8,poppler,pdftoppm,PDF004
9,poppler,pdf_fuzzer,PDF006
10,poppler,pdftoppm,PDF006
11,poppler,pdf_fuzzer,PDF007
12,poppler,pdfimages,PDF007
13,poppler,pdftoppm,PDF007
14,poppler,pdf_fuzzer,PDF009
15,poppler,pdfimages,PDF009
16,poppler,pdftoppm,PDF009
17,poppler,pdf_fuzzer,PDF010
18,poppler,pdftoppm,PDF010
19,poppler,pdf_fuzzer,PDF011
20,poppler,pdfimages,PDF011
21,poppler,pdftoppm,PDF011
22,poppler,pdf_fuzzer,PDF012
23,poppler,pdfimages,PDF012
24,poppler,pdftoppm,PDF012
25,poppler,pdf_fuzzer,PDF014
26,poppler,pdfimages,PDF014
27,poppler,pdftoppm,PDF014
28,poppler,pdf_fuzzer,PDF016
29,poppler,pdfimages,PDF016
30,poppler,pdftoppm,PDF016
31,poppler,pdf_fuzzer,PDF018
32,poppler,pdfimages,PDF018
33,poppler,pdftoppm,PDF018
34,poppler,pdf_fuzzer,PDF019
35,poppler,pdfimages,PDF019
36,poppler,pdftoppm,PDF019
37,poppler,pdf_fuzzer,PDF021
38,poppler,pdfimages,PDF021
39,poppler,pdftoppm,PDF021
40,poppler,pdf_fuzzer,PDF022
41,poppler,pdftoppm,PDF022
42,php,exif,PHP002
43,php,exif,PHP003
44,php,exif,PHP004
45,php,exif,PHP009
46,php,exif,PHP011
47,libpng,libpng_read_fuzzer,PNG001
48,libpng,libpng_read_fuzzer,PNG003
49,libpng,libpng_read_fuzzer,PNG004
50,libpng,libpng_read_fuzzer,PNG005
51,libpng,libpng_read_fuzzer,PNG006
52,libpng,libpng_read_fuzzer,PNG007
53,sqlite3,sqlite3_fuzz,SQL002
54,sqlite3,sqlite3_fuzz,SQL003
55,sqlite3,sqlite3_fuzz,SQL006
56,sqlite3,sqlite3_fuzz,SQL007
57,sqlite3,sqlite3_fuzz,SQL009
58,sqlite3,sqlite3_fuzz,SQL010
59,sqlite3,sqlite3_fuzz,SQL012
60,sqlite3,sqlite3_fuzz,SQL013
61,sqlite3,sqlite3_fuzz,SQL014
62,sqlite3,sqlite3_fuzz,SQL015
63,sqlite3,sqlite3_fuzz,SQL016
64,sqlite3,sqlite3_fuzz,SQL017
65,sqlite3,sqlite3_fuzz,SQL018
66,sqlite3,sqlite3_fuzz,SQL019
67,sqlite3,sqlite3_fuzz,SQL020
68,openssl,client,SSL001
69,openssl,x509,SSL001
70,openssl,client,SSL002
71,openssl,server,SSL002
72,openssl,client,SSL003
73,openssl,server,SSL003
74,openssl,x509,SSL003
75,openssl,server,SSL005
76,openssl,client,SSL008
77,openssl,x509,SSL009
78,openssl,asn1parse,SSL010
79,openssl,bignum,SSL010
80,openssl,client,SSL010
81,openssl,server,SSL010
82,openssl,x509,SSL010
83,openssl,client,SSL016
84,openssl,x509,SSL016
85,openssl,client,SSL019
86,openssl,server,SSL019
87,openssl,server,SSL020
88,libtiff,tiff_read_rgba_fuzzer,TIF001
89,libtiff,tiffcp,TIF001
90,libtiff,tiff_read_rgba_fuzzer,TIF002
91,libtiff,tiffcp,TIF002
92,libtiff,tiff_read_rgba_fuzzer,TIF003
93,libtiff,tiffcp,TIF003
94,libtiff,tiffcp,TIF005
95,libtiff,tiffcp,TIF006
96,libtiff,tiff_read_rgba_fuzzer,TIF007
97,libtiff,tiffcp,TIF007
98,libtiff,tiffcp,TIF009
99,libtiff,tiff_read_rgba_fuzzer,TIF010
100,libtiff,tiffcp,TIF010
101,libtiff,tiff_read_rgba_fuzzer,TIF012
102,libtiff,tiffcp,TIF012
103,libtiff,tiff_read_rgba_fuzzer,TIF014
104,libtiff,tiffcp,TIF014
105,libxml2,libxml2_xml_read_memory_fuzzer,XML001
106,libxml2,xmllint,XML001
107,libxml2,libxml2_xml_read_memory_fuzzer,XML003
108,libxml2,xmllint,XML003
109,libxml2,libxml2_xml_read_memory_fuzzer,XML006
110,libxml2,xmllint,XML006
111,libxml2,libxml2_xml_read_memory_fuzzer,XML008
112,libxml2,xmllint,XML008
113,libxml2,libxml2_xml_read_memory_fuzzer,XML009
114,libxml2,xmllint,XML009
115,libxml2,libxml2_xml_read_memory_fuzzer,XML011
116,libxml2,libxml2_xml_read_memory_fuzzer,XML012
117,libxml2,xmllint,XML012
118,libxml2,libxml2_xml_read_memory_fuzzer,XML017
119,libxml2,xmllint,XML017

